{"cameraMode":{"drawMode":0,"name":"Shaded","section":"Shading Mode"},"sceneLighting":true,"audioPlay":false,"sceneViewState":{"m_AlwaysRefresh":false,"showFog":false,"showSkybox":false,"showFlares":false,"showImageEffects":false,"showParticleSystems":false,"showVisualEffectGraphs":true,"m_FxEnabled":true},"in2DMode":false,"pivot":{"x":0.4662039279937744,"y":1.2936811447143555,"z":0.17348316311836244},"rotation":{"x":-0.06485896557569504,"y":0.15082404017448426,"z":0.010210980661213398,"w":0.9866014719009399},"size":0.9711453318595886,"orthographic":false}